ID,Nombre,Categoria,Precio,Stock
1,oU3oqsmg,AveDINAu,97.82,6
2,qm3NNM4o,RhSxUVhw,228.17,1
3,12NUoGnk,SCVTFfk6,881.54,16
4,TGfIJtfv,ksmR2Nr0,908.16,5
5,BWZpF9Jt,9L3FX20m,537.63,21
6,jD4xPwZE,ZIZsb6cs,649.95,1
7,pmWRt92A,6xBASk40,1903.22,43
8,EXJNEm6D,QhIIsz6p,1427.95,24
9,7VtCS2t2,9xvWpj8F,1565.25,43
10,3nnJZCLC,pVxEPPwK,969.06,12
11,niUUfKSj,AwKTWEJm,1903.11,15
12,hZukCqn9,jPsQDo5C,510.15,42
13,9W9QNsGG,bqWFNSK2,339.42,36
14,TtNqtZtU,l570Kt8K,139.66,34
15,5BoYL76q,fIbzLjbs,862.15,15
16,WqQWV4TU,yH81v21L,1133.37,31
17,OQkb6oiP,gLQudYmE,1365.11,48
18,Xt6FGnZB,Tj3bR1jw,869.79,29
19,oCYx7UdT,8BmHiBzW,119.06,49
20,AuoVo5o2,JwM2oBBK,248.35,32
21,MMSI1yWM,NR4opht6,1169.45,19
22,hQRo3pnf,EkXVZ7GX,1964.35,2
23,rBSoTv5S,6qcerSyy,1259.88,29
24,dhlHdP8n,CArqCsyN,1688.09,45
25,aOtRCFdh,8t1lOiiS,1253.11,44
26,TtLKYxpD,I3og0u1w,1599.12,1
27,w5rGpkYI,aUOFkD2m,425.60,7
28,I9OlNKMn,BhSDNEQL,1700.17,13
29,Y52a9T5S,xGvBoTSv,123.19,40
30,CFdY2GZo,M4RBmIvA,750.83,14
31,CGsppGxx,cAFCB5oC,817.96,43
32,EBWRJi2h,c4Gq9U1u,1936.35,25
33,du5cD1tE,YmuD3AyE,1239.77,25
34,6MayS0aS,4DFgL0gm,426.74,1
35,4J7jNtWR,yjozfR25,581.09,39
36,sqg2OWZq,J6lGQbzn,9.55,41
37,GVGIKzKG,Bjq5jc9b,1564.43,40
38,Bk2SYSkT,fC7o2bQr,820.22,44
39,Zg2nPN25,83gbKWXR,1363.20,18
40,3XxGtLwy,S8WhZLKb,1646.44,13
41,e24oqCur,s0UPQTov,1162.47,19
42,mm792iSS,VlZLAq08,1769.53,46
43,CI3PTtKL,jVYrrv6A,1351.84,32
44,G6RyHBkl,rShHbpgH,347.10,18
45,1cPhe7NE,f0UvH8ea,1306.55,3
46,hKDZqTps,h3lhhaeE,454.40,50
47,ai5tSE2W,v0talqYS,976.16,25
48,AHKFIsq8,63XWi3bB,304.59,8
49,K3fo0qtX,rwwysOOQ,1193.89,29
50,1uuhEaOe,GyvlMNq5,1568.78,47
51,6HLOLCjL,DZVmDu38,1397.45,16
52,JrQQa4Ok,nQSMKtN1,1519.54,49
53,xrNlY46N,d8oMK0aQ,1546.24,4
54,orssF6KB,mJ2yVgtW,1783.19,48
55,EUOPWxZd,3F97x23a,845.08,4
56,ept4i5dV,ILkQ4wGW,1522.76,8
57,no59i1MM,ssg2i6HL,675.19,50
58,g43jzBl1,D97YdrvW,1589.64,48
59,VxEpkdJC,uuRhkK5q,762.00,36
60,H05pwY8X,Tg5OQ9i8,1496.09,26
61,C3WitgsN,rEyNA5YB,1028.70,22
62,alxNlWE4,2UaVBLst,190.07,7
63,JJktkrtr,39QbIJHb,338.24,50
64,hoURCToC,pCn39L1q,217.79,21
65,KAi1gRF5,Nq4NjQNc,1217.01,24
66,02IbOLWX,knxjwdSp,1301.13,19
67,S4E2jxiG,bgGjqL8T,1358.92,28
68,c2WcJAdS,MmLLvC29,1573.34,19
69,BBJfQOaH,quKQ8Xsh,1157.45,34
70,EhgSs0nA,AdGu7XZY,1811.61,4
71,up2RbYW1,1d7fp3xz,786.16,1
72,RsRYsuot,f8AP80Op,7.09,9
73,uyP8AnDF,kW3jujEs,626.66,41
74,KkV2a70J,CId9d0VV,1482.41,31
75,kraBFu0U,SQy5Klup,1527.49,47
76,cIrL0V2i,hu2glGJJ,1451.22,39
77,HFhItkL1,bCqLlu1l,926.00,32
78,IesjZiqA,3SlWH6pZ,558.05,13
79,PE9Vz0nR,LeUVDC8l,129.96,11
80,6UcwqTVx,w1HV5QdW,790.40,34
81,Y03FYE5h,QJf12Xcv,556.43,25
82,hnG6Lu4Z,nBFu6tJH,1955.44,24
83,y4snsV5m,LbcOdaxO,909.22,45
84,qVYUmrFB,P2hLGAhW,817.52,9
85,f9E4B9bi,KDLCYmvB,885.31,7
86,mffwPZJD,nywhf3oq,66.21,15
87,R1p7Kkjy,VE3wdq8s,1960.50,24
88,36IgnOfH,jg3ngZAo,1126.84,9
89,LhBMhavH,cLoyxXzZ,1661.05,30
90,5O1IlAL3,Mj6rbjWu,1969.83,40
91,z0y8YYwQ,nPgE3fxc,1584.76,21
92,U3u5FPCQ,9oEfDEId,1741.73,43
93,uBcRbLXU,NwRBKFaU,1059.35,48
94,ZMcBLm2A,mUBD3Vxf,1769.03,32
95,aq8xEvDW,kSjevU4u,1069.64,39
96,mxSrAS7u,78NACVcQ,530.30,18
97,SXArjXC6,IrPQwnkX,647.97,17
98,hc5sExtd,7jaz5MSf,1535.45,16
99,cpQeYTzA,ez7PI29F,14.53,7
100,EHrEXmyp,yKF1gfFm,1617.88,39
101,8yXfJXbr,NS275aU0,979.10,12
102,zVZ2IGTi,9tn455YZ,565.33,48
103,wjBK20J4,tVm1Lj6A,1748.42,28
104,5y8Sbw6Z,t9zPf4zs,1523.77,25
105,jR4smTXZ,KrnFF83F,298.44,21
106,ovRv1iRn,ph7iaV5J,598.01,8
107,HSw7I51D,phA0G4yz,914.66,41
108,tzUIkQfJ,4nDXf2Dp,390.97,43
109,fXzHpLgT,iqsnmmqP,636.53,5
110,6wCxUUZc,Hoxf7spk,1157.35,47
111,mJZvCPwv,PnZTiNJa,716.44,39
112,EG2mWXt1,1KxWAyAi,1326.27,7
113,tj6Ysdro,esKFS0UZ,170.41,29
114,PuZjCw9o,eI5a0iAE,915.62,15
115,5XX7mIro,LZXrneFc,1211.69,47
116,OhRj4AYn,o0ynowLH,1075.81,24
117,hV9Nwr1B,fVKxKeLo,214.61,33
118,ZPiZ9gD3,kECZmDdv,1127.39,19
119,3ZydfdHt,a0bDTgf7,1327.34,2
120,AWQ3Vpe2,VSk9EuEh,1369.50,16
121,8eEuL5ti,DOVNre0P,144.77,6
122,IP7Gv89m,i2oK3H3U,1502.99,13
123,VxF0RLiP,6UVP11KK,304.26,24
124,fyI0bnrX,HtHLdMte,1027.46,8
125,HvFQoyyv,YCsDggTE,50.97,3
126,Et1xpyaB,Y5MQDFk7,640.99,48
127,jdzymXEI,a5MPuWZ1,1866.49,17
128,KM6jxn74,DgBeqs9D,125.84,46
129,WCIBz6u1,spGOLXQh,825.98,27
130,nloTXCS6,TaxWfVR3,215.85,30
131,eHvGfzMn,PdG9xdz1,1569.00,14
132,9JMxuJrH,80VogSrO,225.47,6
133,K0G9uy0W,7waIJqqc,926.83,26
134,Xepuf5q9,EbyjxFbC,1740.65,30
135,CbFfQSIQ,gh9S9yH7,1998.05,42
136,ZVDJcsOm,malGtRUq,1873.96,0
137,gSjRGZld,DsxMWbpa,1074.67,19
138,2ONXJ2UL,2b8nfZn9,1196.26,43
139,TZrkpxyC,4nR3ZY0C,1267.93,18
140,GzKjhWJC,zaIgrbKu,313.74,21
141,ptRtI2L8,J76gWj6P,405.55,4
142,GYTPQnYi,B40gRefM,80.33,37
143,BDGo14r7,HvDgH4g6,916.00,22
144,r1eMNoO0,Una9CltL,305.94,16
145,VfkbXvab,gnp3NkGM,1238.67,42
146,HtqWXD4W,c6suYL4f,1773.68,48
147,G8A52r1h,45ACzg6H,1804.49,0
148,gTts78iQ,HXEJ6xTa,588.28,1
149,dGszzIQ5,Z8RmgVy9,1346.03,2
150,z5PK6HgC,QeronjKi,982.50,2
151,Fh67Mxet,eIkSmeXu,1436.09,2
152,GLZCJ5Ql,1c3vPMMm,1483.90,41
153,C8azGou4,JdOpzAmF,233.42,41
154,h7EdElgJ,cTrG01mV,1883.71,13
155,IaEULgBP,7Knko8Ue,900.90,33
156,saP1WgcW,aLPoWZQf,814.26,29
157,e0Jjd2dA,3dKqdvt4,1146.20,0
158,zhe4G8DO,EaA5QkOL,1572.51,8
159,YIhjogyU,uzvWxD0O,1091.80,47
160,7CMRimlC,PE2ldGEU,1798.21,47
161,buj4kA2a,jM8B7r5C,394.27,45
162,iWUoUV1q,G35UbHfJ,1135.14,43
163,bWNE2AYx,6PftSU5f,1568.05,21
164,CiCkJnki,YvEz2IKZ,927.10,44
165,WIc6IUUo,VIaSyTS2,49.36,26
166,pmR78ImZ,KLMlSpuO,258.15,42
167,ezbUx0Iz,2O6Ji1o4,763.07,23
168,YKXfw8DI,nrtfz32I,1990.23,48
169,EdCMyX1b,ATZykpqv,419.22,39
170,9IW5O8Vq,z0UHdFUU,491.86,46
171,ywAjkIZ7,RQdxFHrs,71.39,43
172,RwcDsgLw,wYLmQEsQ,620.60,34
173,9L7viyKg,VFC5vqok,194.73,38
174,4hbGfuwR,e9p5C9PT,1273.81,41
175,fw1F3OAK,NsGTyv9k,68.57,40
176,8dNr7Wb4,HLKXN3li,1611.02,21
177,hWqEKykC,8lbrPGPt,643.92,4
178,VBIzu2GP,D5pF24WE,655.62,2
179,n5SgJToI,ncXZLU9S,466.59,7
180,u1xrLMjs,dIoq9NM5,1123.05,48
181,jNurCUuX,zmnEq2yt,1486.34,17
182,U0KCtRRW,xbwoTIs4,1992.43,34
183,Kh0Uyeai,iDTtXR9z,1117.27,45
184,TNNeZxK8,ZndY1qTq,1239.93,2
185,A5qCNYYf,Q4s6xeni,1856.60,16
186,Mih5xyP8,3ZKNf2HD,850.64,3
187,UDQIhqry,5buRqtGF,1031.93,21
188,12QOpbNo,XjbMNs0b,1139.60,1
189,U1qhNCDZ,niXYBA44,1658.37,27
190,jkTWXiSr,XFH25N31,507.21,17
191,mgzHKe6B,onGSVKXq,1482.45,27
192,XMQAlbo5,rw23esUH,183.80,0
193,QTbdVc24,OsdNqYIC,861.39,25
194,ALPXsfCS,bN2WauLC,335.34,30
195,C2XMURMr,XPUsZpWH,416.16,49
196,casDzW7F,bOA44S9H,1834.97,14
197,pWg9yW1y,AdUpzapO,833.62,40
198,gEKOkMek,ohkCRuFn,148.91,4
199,C1uXJ4El,9XTXDqec,1810.05,4
200,UumJFjMs,2cWxuW2t,1481.41,41
201,5qrrDjej,xKWkl9yN,1114.65,27
202,lovL0Pt3,eWPuGSXE,1591.65,2
203,GeQNWSyr,qobrS3HL,1797.31,4
204,DbyG89y2,Te6Byyuj,1367.25,31
205,pgjsDDPo,6EJhD5si,1141.67,19
206,rAygPhZU,R8SWOna2,1179.62,22
207,9phU5WB6,R1jksptB,1986.70,34
208,vxCtw1la,HpC3bvcX,747.49,0
209,XJIYMYC2,xj31elXv,196.85,25
210,YyYmWx6T,hnHuQfmf,173.09,40
211,abnTxmQi,UKDCzwB6,535.25,6
212,YSQKJ1ie,ZCzyxPKk,509.52,38
213,Ar2LD3DZ,yDZQmw9I,1832.46,1
214,rZ9BK5Vi,ZF2nkcJ3,1313.78,29
215,X61IhHp5,mM5Z75TU,41.29,21
216,Y5DhumAv,7GJuVTSH,1309.16,24
217,T24Ut7tb,UqV4cVC0,1124.25,37
218,UtcemvC7,a2d8Vk15,1296.53,20
219,s3EP9tIX,vvVsqmCl,1629.06,4
220,mL2Wx2FE,tJTCclKu,377.24,46
221,t9Yc4G3M,RfnsyngM,535.25,47
222,xUqXFsVv,g7LziAuT,1391.86,18
223,kX8jEG4q,vD9Zq9AX,914.29,14
224,SwADpEIW,JTZj3jUI,1367.05,37
225,Bgy6mqGX,D50ziUCE,1216.21,24
226,8xvDdExB,SL10LkH5,1715.18,37
227,bvkf0cJG,lESPDTmM,1542.21,30
228,PHJ2LRMN,kCwdjEkm,1114.35,0
229,yAHYoNwm,9YahtckB,877.15,39
230,8hoclbdA,lZzu94pl,1017.18,10
231,KCdAckGr,880BPbMz,1220.34,22
232,rQh1htCT,d8RCA1n7,68.41,31
233,sHqWSc7R,PDe8dC7E,1224.17,35
234,7lrgAIeK,cuyZoc8m,1263.16,23
235,I7LlhRQM,YxmnOycr,25.73,25
236,fwBBfBSL,urrsiUpw,1620.97,12
237,G8gZYdoT,XHsyKq0k,1191.27,11
238,CTzCZTKi,ap7DF6pd,1076.95,24
239,OVHtlV4G,rPG3Bgiv,1149.19,23
240,H3Fl5YuB,MPdskGe5,1210.72,39
241,WQYtrCCr,OLuY1k6P,1978.16,12
242,V2rtJ2RW,N1QQx6tc,113.87,1
243,NWFyr73x,JxVLS34e,1147.61,48
244,18WwUGvr,HYMrcpkq,895.04,47
245,VKaCMcug,0SCp382E,1650.37,30
246,SbPaTewf,0JVlFCCM,937.24,19
247,yzRfxKQo,0VXGNSkU,235.58,14
248,HmabrLGC,owBGZlvP,1212.31,35
249,TeEg7wAN,4x4vuxxi,364.61,25
250,MNlfpV8d,6GH9HJL5,309.98,38
251,LQ68YNkf,dhBqxlAb,112.88,1
252,x85eHBgb,VBfvkQ8c,942.35,20
253,gj5bV3mh,C3Lwo7Ui,940.80,3
254,GMBth9Ms,BZhIhqDA,1403.73,36
255,NIomTOFH,NEqAnqZ7,460.31,29
256,K8lSAIre,p5sNJoqL,452.40,48
257,rm3Afdij,hz5JuNrw,1537.37,23
258,phSNgc3u,nO4K36KG,1955.86,6
259,kiU4uZB3,AyFmeejJ,1785.52,50
260,YkLWs2yX,XPWf3AoZ,706.76,30
261,cpW7G4eu,ykiixQUY,760.14,8
262,bu75Mynw,cNiVJqaH,306.60,30
263,U5oDTn6p,cdt67SDT,643.66,23
264,OFB47xQX,fYwZWayK,449.48,21
265,amSgewQ3,AWrwkBKB,1988.40,22
266,gLyqAaaS,MrWVVuby,1389.63,46
267,VFVoqRT2,NKsJbua6,684.44,32
268,WSxRDBmd,GMVcmHll,1399.45,34
269,n48HoMAI,eSVCRdDe,348.29,34
270,YwyWMPog,KYxeIOQW,1709.25,11
271,SAI6Pczk,Z6dyq3su,1414.65,18
272,smzwncNO,DENpJyOl,1241.10,28
273,WLTBYTHu,EjoVDrxL,721.94,32
274,D6GOJsub,DlnMz3gM,1634.01,36
275,s2V6SKgB,y7Ac0tN3,47.87,11
276,uTvVv8jG,vag2MteO,1940.37,9
277,I2HgJOQN,SIhTxVd1,1978.78,13
278,IUZRCHqt,6GBt8f6u,1794.75,41
279,9CpQKJP5,c4MSlZJU,1759.90,2
280,cAQO60UE,zpN9YpNp,1624.72,7
281,qZi0lyBs,xv6iEXXA,997.72,44
282,GY9Jfo0c,cYrY3lIV,1846.59,21
283,ofsym7tE,eUlDuuWh,1343.34,43
284,58Q2yi6c,YjhuOsX9,1301.42,10
285,5fQfRRNW,bUffp3dH,49.23,23
286,nKfIwVla,PJfHuncM,494.26,12
287,yTNaP4cK,8CQqwmNI,1169.33,4
288,2rCqN7HH,Js3VZOU0,412.92,31
289,aXmrnxDQ,gxUMovT4,929.33,23
290,5gZsz8Gl,4xBnYbzW,395.75,16
291,PT9eOcpE,dFCOpOUy,384.70,31
292,HptUm0bC,6LJTabI6,1776.23,27
293,NBs0ytHu,PcI3LavG,580.09,39
294,OecBcgnp,LurjMg6n,982.92,3
295,0mKCExGJ,k6zNIKCD,1812.22,3
296,cxcFn3F1,TLWtleqy,88.28,40
297,3vprfuZr,6wpGKbKV,1619.00,37
298,OzsoWVUK,J15VVz73,489.11,47
299,8cKAPOIr,vuH42J7M,1177.93,14
300,Ckupb0eU,SR51wjpq,650.98,3
301,jKAC4ZtH,UTweu601,798.21,27
302,PcvjvDrr,xvNJkIAT,685.07,1
303,f1suF0aF,2HLvQG7h,874.61,4
304,YKvz8NKi,Y0YKaC0u,1852.84,16
305,XKiSjSXw,VlMDhC4V,1138.93,22
306,sITbKAJp,vFcVNanE,775.16,10
307,1zY5nyAB,iyzw3uTR,581.72,6
308,6t057AbU,kqZ8sNqB,1881.14,46
309,I9kqP7c7,y3EW58pr,122.36,30
310,EuXMug1k,CFAPfnTD,1495.82,10
311,VNd89d96,aG0R0HiZ,1468.71,33
312,LxzIyQa6,v5XbIEc7,741.53,4
313,N9kd4DY6,7eR0b6hd,1512.99,8
314,vvIfR8Dk,BgqeH8if,50.04,22
315,LggJ8dFJ,EWw3bUSL,1015.19,6
316,R2RDIp7T,NpmWrDRo,1912.10,7
317,oiuhjJdU,hif8eAZd,1837.28,40
318,2mxIk1st,eG7mEdHG,1774.96,13
319,VN0Tq5c5,x49PMPYY,1689.17,14
320,xr83X4L9,3AukDBNj,512.84,46
321,a5g9CAR5,jqfBo5cJ,1873.41,10
322,kEDI3tzN,BXtD1yJo,348.75,12
323,6qgll9gX,qH13UPPN,1833.40,43
324,odOBXXBx,O9wP87yh,1610.96,36
325,ThuTfBOF,lUgPN6WO,1090.95,30
326,DRN59DI5,TDRK2Yxi,1884.37,29
327,tmgSjBnO,dmZy0o9E,687.88,18
328,e0PzLOkc,nvRlqGGR,1644.38,4
329,wSwPTAVU,Ykfjgzx0,1850.56,9
330,QgNPhVIO,3C8tYtR2,888.80,48
331,6nffoGtG,WroKTnO7,389.47,26
332,693GLbi7,XdgDjlT5,676.16,48
333,tULAVeUj,LweqlPec,1395.08,37
334,Aiyg14ux,PcLoKdee,935.65,34
335,hPRJUANO,IIobt0WG,78.93,13
336,7EUJf3EO,T1I1cZul,1909.36,10
337,NPMgthFs,LNPuctNq,730.50,35
338,D1O2w6oR,KWUUxww3,404.48,40
339,K5Ze3ms1,2aVlOpqh,484.99,28
340,pD8K4CXH,gyW6NHgW,516.68,49
341,Qjm7ErpF,UtGudTal,1119.22,45
342,h16Tyki6,os3bepVU,132.62,44
343,d7aWiGLN,Fo6RRmyy,1023.96,35
344,JJXDKsJa,YJsjQM5i,4.99,13
345,QvXSaBY7,4BSXTr65,1465.45,49
346,2UOo2xkT,ZzW2epMh,1737.28,8
347,u8nSFzdM,TIylskXE,1688.72,15
348,61OGhVgx,tDl9OgfI,78.67,14
349,G2Ge3cat,gwdxdZs2,861.57,40
350,uoYmZ63I,MCsqq5L9,168.04,27
351,5gY8T2KQ,B9isj3wT,456.82,26
352,rWWOr3Av,5YQH2uNW,886.86,25
353,tGQmioVS,gqJ9DzzP,332.51,8
354,Sr2qovwh,0i3gdEde,1745.24,37
355,PKfjAnzr,BCMk371w,1300.80,39
356,AL4rC4dv,TG3L0GgW,387.47,18
357,ArVgVryl,upVvdKAT,659.97,11
358,YoRAZDhm,q1xJ3Qm4,224.13,45
359,MALMo82m,QwdKrU4A,291.11,8
360,IwTKou4o,ayKO2qkn,555.46,39
361,bNIw26YP,T3YwCXDs,1113.95,18
362,knP7pvj1,M00GHaAX,1605.49,5
363,vtBXr39z,Mdf2wa2K,703.18,0
364,nR8RB03d,MAZEq7pA,1883.48,34
365,DBP45lJf,1Eu1Zwjl,692.49,16
366,PWa4H8t1,mXrrxqD8,499.26,41
367,ruMWmMMP,Hg034qEG,125.92,47
368,bIfc6Y57,rbJVYyTP,330.65,2
369,aJ1VsAz7,0EEP0m1a,671.48,29
370,VNzcLiR2,9gIvMJtS,1266.97,14
371,ReN3oXIF,phLkLNo2,334.82,49
372,flhbAbYY,oxOBkhOY,389.31,50
373,iQtQOgMj,jToX5dy4,168.55,43
374,uBA5iPwz,94nMDUeq,672.74,3
375,t7qXUyaz,1nODz33b,833.59,1
376,a8OYXmw5,oFcMlrlK,210.24,7
377,0dLD8Xks,8Pg3sUvr,1514.96,37
378,Xil5yVsh,MZ1NrT3j,747.22,26
379,SY3mKRZi,5Iku9bJn,1493.91,31
380,Nn6kOqdE,hk0IRbQN,1776.90,50
381,KpFGAqyX,owGWEzBQ,679.23,19
382,OXQAr8g7,M1b4KTbD,1329.72,39
383,WXkho7D2,b9vYa5B7,1656.30,31
384,lAazo41y,fzDuOU72,1254.62,18
385,h74hlq3z,GBMLyMZB,1730.28,3
386,CJ0tIWoc,B13JIUNj,297.07,1
387,tM7VKBNv,T85t14pW,173.04,13
388,9mingZaD,usE6CBxH,1053.91,9
389,USk59dt9,A7QzJnyK,1290.85,19
390,nhqt1ULi,crUk9fJS,792.28,30
391,hH3rIFaH,dC9V7mpr,948.88,29
392,r6uLTKOo,VulVtYcu,69.00,38
393,dwhaQOX1,WshdWVmy,812.27,50
394,vDikVrG2,C4ZBZgR0,678.97,26
395,yAh6D5Bs,hOJe1xJM,1440.94,48
396,1w3L4HxV,huhOJ88d,489.58,1
397,1StHhG6Q,qf4A0gx0,729.05,16
398,Hc1dK7T8,YK1xoGmL,919.34,5
399,5136u4om,VtnMgwYB,1473.69,4
400,qfvjkg4c,h3Qo1MFg,710.14,4
401,ymhTsck0,q9eegPV4,692.55,29
402,4ZTEUmDQ,ZKqCRQLk,1266.08,34
403,b4KKyxud,9zwelIfG,1684.62,31
404,SfC194Tx,Btu16zXm,1198.21,21
405,g0HNSpDL,x1GTFZLe,43.65,5
406,EUPY4QmU,kzezFqZD,1096.92,19
407,Kxe9kOa0,dLhERCJS,987.04,13
408,rcrqUAb1,w3HsreSe,1450.38,50
409,zgEFLFQN,UYvZy61W,1973.17,45
410,XemRsMl3,uWLzAi2b,102.50,16
411,9D0hRQW8,rZf8aoOK,582.24,25
412,qDmACEzz,gW2L0InI,1531.29,7
413,k12u4J7R,eYhQSXmC,405.41,31
414,lhjTuIKr,rv0rTqIA,1690.65,36
415,M8NdMja2,Gl8eONos,621.60,9
416,mC1mEobn,je3XmegG,1080.08,43
417,gUXYbSqA,2BXIY7JD,1402.03,45
418,yPTiVcNh,t9uCp0Bt,173.77,4
419,Ya9l9Zbk,a9LmKzUr,663.16,43
420,ZQMe5oFZ,TLD3ph8f,62.12,50
421,6cxXsdXg,iTn5Qw87,1356.49,0
422,qoCCEQhd,trAXf9G3,1690.37,6
423,qgCq5dQT,8SfHFxwX,318.98,49
424,scvnE0AA,6zQjWME3,139.85,24
425,QxV8Pqf3,fqwuasrI,1267.12,29
426,Vh3Xxb0c,Xpf3olwl,1703.28,34
427,72I1UWKC,1Qq7BcU8,825.46,32
428,w3n1tnz9,SihmvkdO,1154.66,19
429,YJ7lzafI,OP8o6owT,1682.21,1
430,6WgrxUJt,TPM8z7hq,1103.99,22
431,LPkflsfY,LNlMp3K5,1243.12,19
432,lGNStARF,aqiJQ9Xe,1611.99,23
433,JMr9lKFh,PUGL81eR,527.25,14
434,elMS4WBF,GpN5kukv,1728.81,39
435,jjiLPBh0,7J7nDGib,1151.76,26
436,HuG0sX32,wEkAC7cR,1888.25,29
437,hizIq4nL,PiaNX2dc,943.99,30
438,e0bYKcdt,fqXFb5yW,848.79,39
439,992OAZCH,Fu7G0ehk,719.38,14
440,HI50dyqA,iHkkCCzS,1549.14,46
441,VfHBZuK3,iNd6E6Yh,1222.02,28
442,ilRsBsaA,ntnCnZYq,1829.88,21
443,pSMpqOux,JWw90RjW,486.99,44
444,UplvcRwv,WJ5YJsos,1272.38,21
445,w1wKj7DI,4Im8E8fp,1826.86,45
446,gTyiBOgp,pGrSgE8p,470.03,30
447,ftUL5D6Q,YsnM9MgV,557.46,32
448,qiBIxv1i,UbsbIWHC,1712.14,26
449,mmsKhvQD,ct8hpbKV,1861.80,3
450,EElERIrw,i2lC4ipQ,269.13,2
451,zB7uC3At,QScOd8jv,1228.88,0
452,ZAzLvrtW,YRMgmUgE,1518.83,29
453,TZe0Ku3N,Bejr5uAb,1733.02,40
454,ydPFj6zY,klbeJHsY,1429.86,7
455,5wI8oHrB,XKmyGJje,1350.28,5
456,FgMyL3Ie,ZuABCgDD,435.91,20
457,SmUbWMoJ,8ns4XsT5,231.42,4
458,p1MOvCko,UvXb0FzN,616.80,41
459,wqmYxRa2,PZAVjhy8,1247.33,32
460,wkp7excw,Ry7TTAVP,881.63,17
461,auNw6z3j,nDJ8wb3E,262.57,5
462,oGvZGVC2,MOdATRLg,144.17,13
463,AoRx4poq,qL2NtoL8,1427.70,23
464,PTltEBge,cIStHl9s,1895.76,7
465,wrPqfIOJ,oGpYhgcr,1294.26,2
466,M9hSTjLR,v4rEL3lz,303.07,28
467,LaEDFqtU,CbDvFMuf,319.28,14
468,7TECUieE,TANajMIN,693.02,7
469,Ntvs070C,QxkwUAdF,186.53,50
470,4VVL4ecD,4JHFAs3C,501.71,31
471,2fH7LyRH,H6yMIgsb,1098.89,41
472,HTHczlgB,e5zDF8QT,106.12,11
473,TPrJMhJH,t0FBzhEt,1197.42,17
474,2cSu6vwy,qMxq2qsA,42.75,17
475,O1tZp9ev,keMsA2Ie,606.13,38
476,SlNGLrHe,v7h03wKl,1515.95,23
477,5wlFUuMK,kNmZupJa,270.06,4
478,Nd3HMn4a,14ErkxrK,1679.75,4
479,enxHmQ23,R20Qs6ue,1510.44,49
480,zF7AvCcq,4QSvCaWk,984.27,26
481,yDvIw6R9,o7AYkHxZ,1737.41,20
482,XIGhvA5N,9zGjmwr2,1324.84,28
483,mqUM6NFw,mfGUcywU,1103.26,35
484,QAuBCLp1,EFFEdanH,106.00,37
485,MZ78TM5q,Vle5sPUp,137.75,49
486,UALD8GQk,EYMpK3fw,820.61,38
487,wjxtw0dC,WlFyZ1Ic,1536.35,17
488,1LC3Ursh,4MgYmHd5,560.98,7
489,EqdX2ZDL,s70aMIDR,1640.70,50
490,ZMOXSd6F,gP4pGZbd,1175.53,31
491,CtwwhNyY,AeRXUYzO,1519.14,32
492,W0SrgAOk,kUkKbEDK,1109.54,4
493,op8fE9qb,B3iM9mbf,348.61,13
494,M2zeTthV,1VK8ukZu,1480.97,11
495,cRH9e4W1,CqHWC5jk,364.80,43
496,smgOksxP,PJsqNv0N,660.75,11
497,Xvucsa34,oXZl90Hy,1746.60,15
498,QqXkZ23z,JPu3xJl0,155.90,46
499,I9xm3Jbl,yqK0ltb0,1997.48,23
500,t5yTnliB,1HfE3TPf,136.66,8
501,USbCqS55,qoHncOcl,860.64,48
502,7QfWGYKO,bKcPUDDI,1365.90,34
503,X5zOCO0v,uN6T5VKw,1875.04,19
504,KmExNnwh,dnyW4E1l,1127.78,23
505,3Nhigcbd,q8MJKmsm,524.63,40
506,q6xxS5Bo,xLzFO0N6,1759.57,3
507,y020FqlN,BJQ6fYq6,991.80,32
508,So8fPvCG,9fS3hJcN,1826.98,32
509,6iocAF3r,IpUQPD2A,1655.42,14
510,9peSid6X,MpFYfSTf,1193.47,6
511,SwNVdxiv,ajb35Gz4,1770.21,29
512,bgRqPRwM,lHxIOQTU,119.44,44
513,zZmycefa,3olIpbJz,1833.84,6
514,J7qpYkAq,HONkfeF3,366.67,43
515,WOBz9hlY,Dfw6lj0K,528.27,19
516,C0CRFwd5,qoQ22jNv,1963.55,0
517,LGtmkMAr,Ly1yP8nU,1451.64,20
518,HqWdQXKm,Lz3qT6jV,1779.93,6
519,jJagp94r,ZTRA2GIg,1253.34,50
520,z684scx2,sYYk6lTF,842.42,5
521,gecEocvv,XI4lHf5S,1208.03,32
522,IFNWaV87,Sw6krd3G,1815.76,36
523,eWdJVVyK,wIFmONI6,1468.12,41
524,PxD6N0wr,kgeeGxjd,1534.26,34
525,TOv7ogru,6bEB78TN,950.70,9
526,j4G8PC5r,sNxZqqec,1140.78,11
527,ZX1uqp36,zjCBuK8S,578.97,6
528,a42lsoSB,ocwuOWMI,237.71,5
529,0D9ehoMH,xQJsMa65,1526.59,43
530,iSFvU8cr,ntSRYwrN,244.12,16
531,TRaA5T6V,TtOE3KWh,1098.75,47
532,Lw73YN3M,lJQzdc5Q,1437.80,2
533,R0oye03A,qC71a3uD,1534.12,24
534,I6va5NIO,mCS8x9JG,1874.08,4
535,fiOYzIrA,sWIjgfEH,125.43,37
536,2m1Q0uaH,mU4DuxTb,562.44,38
537,kE5E4xEA,zOQPHAQs,1315.51,18
538,txboBh1e,Ciqxf04N,1527.31,6
539,FD02Kh0C,MAuqfzwF,20.95,14
540,KrRAarFA,JqI2eaTR,1904.18,12
541,w8DovFpf,ojhwhxch,1786.31,3
542,3GH2l8Uq,UIVz6NDI,1686.57,11
543,AKgKpWKz,Nxxrkjws,302.18,2
544,BZxbH2a1,P3krT195,775.10,47
545,1dfmiIFZ,Ygp5RHcl,522.69,39
546,MNPxJhbH,QxbM8cTM,1877.65,30
547,r7PVRaIT,NG1ypng2,1220.90,2
548,x6s2wItl,eEkx5hrT,168.84,26
549,lNMITRfg,BWOSeo2s,533.17,40
550,cvTkSvr8,aT4YtLi6,1539.49,50
551,q7R8VZPI,PZs4BMvf,756.43,40
552,T7BGGsrp,QTRL08e1,1983.09,19
553,33vNLRtl,UqHwV9et,477.15,34
554,AALQv3Mc,QXH9iq4y,852.58,40
555,ydYH3nNM,DmqEzbkF,571.97,40
556,kOQo58Uw,u1PizrXH,1460.78,20
557,zF98UqkU,Yf4reYav,1798.73,50
558,rvlamx2a,vfsSJmEN,720.58,1
559,PQfI1tSa,PuPCKzF2,1068.64,48
560,7jE0fWlU,oUbbCyjY,1923.70,45
561,ckRwP1F4,RbDwzbfj,508.91,35
562,kqUNbLlq,6N1E05RD,1206.79,45
563,ZHwR0Drv,neFvUIo6,1116.79,6
564,ktkDGLXi,dDYdz5zH,481.84,13
565,tmS8dX0E,W01LRWsL,1412.57,0
566,BLPbU0Ft,hjPVceYE,302.58,47
567,508v1phb,9bzRkbNB,120.28,48
568,ZFefQzB9,elcUgPZ2,237.95,47
569,cR65nw7o,DQCUkudH,1793.08,40
570,7MDPBH96,SrdsLzuI,1086.57,27
571,77sylNN8,RkZzBlye,1841.32,12
572,Srbieaf6,KOwrbLhe,720.35,47
573,rb0UOx7J,bhwBQPIg,1691.71,28
574,88Z7FY3C,6jMGZ7Mo,1737.98,12
575,Tjy2uB0C,fmbeLN8V,930.63,20
576,qPiLpEHX,buA23gUU,348.69,9
577,d5prrm1p,DGTRVavQ,1463.03,31
578,lOkqkdr3,98UW5g8Y,1163.36,16
579,DdwxdkyJ,GZ2Rm1lD,925.13,24
580,0UUfWa00,jl3dFNvH,226.79,31
581,VghAIWnr,RFYlfK1c,1660.55,40
582,kNWIrBCs,IJzBpvZw,503.72,13
583,ewd7URHK,LRBxGmzo,809.05,42
584,kZo6zcuJ,MqFR20YJ,372.28,42
585,8SJFmxuL,3vuY5jzB,1823.24,19
586,8GTpHTVk,smAWXZIi,964.20,35
587,DzhYEmgo,oHUtuHV4,3.20,15
588,CKjznT6j,vaLlOivI,1304.61,18
589,jEmKzXTx,TdeOBTNt,1119.49,28
590,dmbj4wJ7,5NFRkLxM,452.27,42
591,joVoR2QR,RF39MO36,704.26,36
592,AzElHBJq,mCh1kQ93,1483.67,26
593,Fvy2IHpk,sdFtvSao,350.46,4
594,sEHm1Oha,de5BptO4,744.12,1
595,23CJtTYr,wH37Uw36,289.24,45
596,GdTNec2h,zYxZpuRX,1607.32,26
597,NqXUyC4g,OWE7nelG,1491.30,34
598,H9G6NnWF,8fGmOUg8,1724.63,45
599,eXNLql3u,Za5tKyq9,846.73,21
600,CM8eoy9z,NbX0MoLY,899.50,32
601,cWJOZBue,8PVjr4oo,1549.78,4
602,8yYLauR4,ZuOlEskd,334.53,46
603,FcGvB9gE,GfLRU1Of,1542.26,47
604,JcgvOgkq,QlTcNe0K,1241.91,36
605,2s5Prntq,rJtWEXAd,678.73,43
606,aHz00Gs5,HOFL7pnD,708.88,20
607,gypgvJi4,KyScnh53,489.15,3
608,jEpxkObd,IMWUoKeT,1544.30,44
609,4Usj8aPY,SNqWlqxq,836.60,12
610,fFMVJ4Po,300yfdzo,109.23,9
611,r2KcBsVk,PIE2p8vv,1253.35,1
612,w8VVMuyE,KFFxOjGg,1069.64,15
613,FeoB41Xa,vw2UbnAU,1821.60,47
614,4jtCd6qK,e0G7R5lg,1042.02,36
615,yylxg6VQ,DoYskIes,888.20,46
616,4olFZXHe,NhfbFm7y,1335.31,31
617,2tdul0Id,YxIzZIH3,1799.24,7
618,Z0f0wL9j,7N0OJavK,1984.98,43
619,7iUdeqsW,CJ1mPTUd,1303.00,39
620,UTZtrfLh,0023cyry,3.26,26
621,OoPzcYR1,jzm86r13,918.08,30
622,Owq86nf3,5qHCE0KG,1358.74,8
623,L0VpeD9y,ABqPUAqL,898.72,42
624,UXgB2pgG,yjEOVuD4,240.87,40
625,Sw4uILkU,jn3fUsWN,1188.48,45
626,5OQ11wtC,WeNaUYeS,855.17,35
627,kEpCHmyb,ZKgsJK17,60.66,32
628,9Ub1856O,r3MCnN7N,1183.50,6
629,p08x9gH4,y0qIgDU3,716.09,35
630,uYulIdnq,fhTx3yGR,547.60,19
631,hSsm5gB2,6k9Fs0Da,164.05,33
632,zauvUq99,tNcVaZiM,39.27,29
633,e7xbe2VO,NOUsPmlu,1546.77,26
634,QD0WgbAB,K2iBqmQl,1301.80,17
635,ssllNndC,KPq2DtSv,1248.15,48
636,BLxVzwVR,6vGUImgU,828.51,45
637,rGsL8CYN,yzCEblyj,11.22,12
638,FMhmnilT,dUjI6ztG,1567.49,35
639,ON4byWdx,DZ9GHPzB,1087.31,28
640,fOJV8ckq,83UHf0ZU,639.27,32
641,gTzeVNpY,nZYDAKmb,152.47,22
642,XNA9tkS7,fLhZ9QgC,714.64,17
643,xLZjf0WA,odIvs6wr,1413.26,16
644,FdTB54rb,zGwV5Jng,89.40,5
645,Nh4gsj4G,i9jgHK5m,120.66,13
646,u3FddVbO,TdASreUV,1727.66,30
647,gyxBoJCr,7bEnXzSK,513.93,50
648,nVtgNY6a,5CdyLGTr,242.02,9
649,5y4mVxsG,D0LLAFvU,1785.20,28
650,qvhHG6Vl,ivkNN3jI,907.48,13
651,uGmXPmC0,UnwpcCxW,842.90,43
652,6tVHIPgB,FRIOVb4Z,1196.60,1
653,DanYNTc1,SDiQIRio,1917.27,34
654,EA8J4Run,DH2OAZXS,1755.09,33
655,XUAl5Abz,AJ7dJuxM,569.45,10
656,uu629c1C,93ZVVTsl,1277.39,33
657,1fbEy341,UOzdfYFg,1882.81,31
658,10AwIsZf,d5vdUIvV,926.06,35
659,AXE5XesF,PqwYYjjY,1884.18,48
660,Op5OFxO6,c8rvRXUl,1422.44,21
661,Qn9Eh35W,lKCEgIl9,1643.49,40
662,t3IzlfTk,BUaWaLrp,283.58,5
663,0XfM1MRE,1dBPAklc,914.03,33
664,zLS48e1M,iSMxpgZO,215.13,12
665,IyQnrK9Y,oZTIf2Fh,63.44,40
666,BGMljdLa,Mf1moiPf,1729.60,34
667,0omq03up,9Qt9zUZX,852.63,7
668,CAk8eZKm,ljLQGids,1751.50,36
669,LbN0jNMk,5wzZm46w,1687.29,47
670,RYJ01UQq,YxYCTlgS,1771.50,1
671,92UxuEdw,zPPohmCI,1897.96,7
672,CBvgY5Hj,MLXQr06m,972.67,12
673,USZ1flau,kvBMo58C,1037.94,33
674,8jlx41d1,qUE93iPs,1076.84,8
675,sxoczFM1,xcXTFXbP,908.22,37
676,E7Wc1b9J,gwfNkbxK,923.98,40
677,tWBN6b74,LxUzqQ1X,1646.39,29
678,Air2YJtG,i3UbckIN,706.13,13
679,6Ygubslg,AfgF26SY,1724.18,8
680,o56dW6mE,qvjRLUbW,1256.66,46
681,QnRMCOGD,HuLyAAJh,37.89,24
682,vw5H5pN1,1d8TDGfC,687.99,28
683,BrlcXL8B,j9FZ3Yvk,1909.47,13
684,G3cbzFfD,JUzUpQou,1654.45,47
685,suQt6Uwp,8xg7xpep,1943.09,7
686,GpwBS71T,Ja6KfbME,1850.50,40
687,oauCjsBo,ZSeSqN0x,474.85,5
688,jeFYhicN,gpGJ4u32,1621.82,1
689,Sq6MAs2H,iazVFR8O,718.92,23
690,WoGom58O,s3XNUjPr,431.92,17
691,WsO5YQj8,1rAf5yTb,1194.96,12
692,smUNIuaa,eZkYJdOp,175.85,9
693,YXlZDdeZ,1C95R7H9,557.47,25
694,FkCpg840,0eKJEa03,1398.77,0
695,oItCWR8C,HyZClqbF,1794.27,21
696,1RPA9qYY,FBbMdn2S,66.29,4
697,B9vCaPag,p1N7wV4l,1638.70,23
698,xcLRaFHE,zFu1divi,716.70,0
699,MzEiGBl7,VKl60A93,1187.79,45
700,Qy7PeUld,AaFdD5vr,1144.92,20
701,TWguj6OX,u9mhSeIH,1794.11,43
702,WZmwduyp,h09AWujr,971.94,15
703,h0Ln1uiH,2IlqIkhI,1815.61,36
704,jeVBy6fF,8kjAgTrQ,1775.77,34
705,R9z03BLP,QRvit1pR,1289.43,24
706,by92ivfD,rmRCUyrK,158.67,42
707,loobZMi6,6T0D1XJ0,1557.61,5
708,o17ayagF,8r0cAfqO,1322.74,25
709,ZT3QVFfu,ucwdTZu9,1207.54,47
710,3ckZNDcz,CA9Uyqft,393.74,37
711,rGQGQwA3,7Tuzr3pn,1373.95,45
712,m8TaWxdw,idDg6tuq,830.99,36
713,FUCaZgIQ,JeJd42a4,1205.33,22
714,8spKtF9a,2ZMoDrXB,560.82,28
715,JNfY7fRj,BH0q9dRf,1912.86,31
716,di70WYkb,6UC2BwgL,1521.02,43
717,tkzGE5XD,PpmHfCBX,698.18,7
718,lANUGKuP,ZLAc3Xd2,1972.94,19
719,VPlSt20M,dTiawx5q,1083.73,48
720,bxAvKiK3,F7iGsER7,1045.32,25
721,H99L4WMf,s3EL3DhS,1953.41,28
722,XZxbhho2,OhtF2M7V,854.57,31
723,vQJeI9oh,edtQQp5V,1529.55,41
724,unQ4LavQ,kbaSgrNM,1623.11,38
725,XtcPFosa,jPVcS2tf,895.83,4
726,Cf1jDeay,ZciSoglI,1735.92,28
727,ujQ0g4WO,7VXO8Shi,470.88,14
728,hmHrD27Y,t71NnCXM,1279.44,15
729,lXopCWDC,StoilXB9,111.61,24
730,25l3X9pH,zkPcEykB,66.35,1
731,i57CzRRV,H5NFLvo5,1540.03,16
732,4YC5O7Ty,qdGTdcdv,1728.46,1
733,V7bVSeXK,LISudTrR,77.35,25
734,X6Du6s1c,36t7tR90,749.00,40
735,lxfYEut6,NM6Y5iRk,1450.12,23
736,Gt1SrLGA,9W1cyVM7,1528.27,42
737,GhTYCqgX,ber4xXLr,992.33,4
738,kjIgP770,T4mCMl1X,914.55,34
739,ucPxK6tQ,wvtpTBPQ,557.16,26
740,qjiVunTy,XFqLa2G1,1255.99,31
741,KmLKQri0,WxtIK5xc,551.51,20
742,RoVelSTU,xZc79RUt,1716.79,28
743,sgH2ayIG,CEYVDmjY,1555.83,46
744,XqZFTq4c,rQhFIn4d,692.63,45
745,QFkguGXB,YnjhiW9U,833.51,35
746,uqeW8vqq,tZRsrkZt,1685.94,48
747,Rxirjow7,mwDpYmDD,340.37,13
748,SJCk04AG,0iG9LAaj,608.75,22
749,9klur8tb,n9GKTDeC,1115.80,18
750,mLxk6bOL,bttITIz5,1569.84,33
751,Mu3wYnto,40iQbjRR,1146.09,50
752,wtOkoOpl,HXOSXm09,1966.46,16
753,zQTeMB5y,j6J2Al3b,1477.96,45
754,MrYHGkST,UmhosUhl,657.32,22
755,ULFqywUj,JG1knJzv,1415.67,20
756,fhJJvyvi,eCB2o1zO,1482.13,50
757,EECQF6CQ,w8Euj5J1,902.24,35
758,lYXr8p8Q,fofO8BxH,983.59,24
759,zB6lxPKT,FopsvdbQ,195.17,19
760,wSahGJEJ,fdGJS5VE,122.53,49
761,MEZP8afj,1YwYT5Pz,429.22,39
762,y0PxeLDR,jtBguylz,1396.24,3
763,N82ANBR9,aRfMu7aP,1219.87,18
764,TqeZziiB,YeWqZqtO,1178.35,13
765,l6RjWuHI,CfmVbzI8,1356.76,11
766,lU5Ff7Ws,iHeS3GFU,898.60,27
767,5MrGN8Fg,XleFi4S6,1843.31,45
768,oh4cGadp,WmktQT7S,638.28,39
769,UuOodVxE,xhoMWuK3,1743.07,42
770,psHJnb1i,0pJtvPDG,1353.40,34
771,niozfrTH,0fJWXbQt,1202.94,38
772,PLjTmB86,B0cSIZk5,1122.94,25
773,tKjMgWQJ,4MHP5RIv,34.46,34
774,CVSqwIMY,4RenggtU,560.26,1
775,ozLHeePt,B2oZR4IT,1776.77,42
776,qwAQv6Kf,tll18Ju1,1249.33,4
777,HtrnD6uG,WzGREOA9,485.27,20
778,RBuCJ6Yx,demA8WSA,969.61,30
779,tj5ODI7r,M7Xezfvi,647.58,7
780,265o2GH9,EUZBdH2x,37.83,50
781,xyk1sT78,66CBKCAn,893.16,13
782,UrAdlYOV,fklb42bH,504.20,2
783,5Hj8PeoG,zyjoSSLU,1795.50,18
784,YjuRn1QZ,mkVDqLzm,57.74,20
785,nzQUILSc,H1nP2l1V,432.10,26
786,0Q3bmHuh,MawGSMNF,697.32,19
787,NRdcwFgK,8usQC3lm,243.67,36
788,nOZOFonr,b4qHGfuL,1734.23,34
789,d39jCPB2,UVbK7QdJ,1920.80,17
790,d2SD7CiK,qOP7abCY,498.79,46
791,S9lEFHMq,JspMlOyB,971.30,36
792,Wm4ZOiEr,IcIM50YO,1900.58,12
793,ZDQaSPQv,KxYHB0Or,390.70,32
794,HiwEjUN1,Ebme0n0A,1155.73,18
795,Uy3Z5DFR,VdK5p66y,1015.17,34
796,n7r1dvi1,ZC8S1UgB,1036.64,6
797,xwRD9hxG,H3IItUyv,124.00,43
798,GjJn4WcO,vYNmBDkV,641.81,28
799,KTlDWoVA,fuQKqM6D,677.34,49
800,lAzFtW6g,M5WDP2CV,1455.09,18
801,ILiIsVMw,vKbccNNM,104.70,25
802,4TZynzAv,mYylcW65,738.49,36
803,IlzfPIdz,GMFuWCyh,1966.68,31
804,GS4zoyUv,7KkKCnfw,617.54,3
805,921pLDcF,v7MMIYYu,764.23,4
806,Vz28p0ux,wMWMgSHm,1585.06,6
807,chQpprev,dNWzNKWK,858.47,48
808,AWioI2XF,S5SVgyFP,1186.12,45
809,sOv3SN7l,tRb1nzka,355.84,34
810,AxjpnRbD,96mfMsFn,281.47,42
811,yptbXLKV,5cbIkvQ3,1529.43,4
812,gt7ojVuS,qiMKUPaB,1273.36,39
813,jfJzqEaq,g11Irbiq,852.97,4
814,18UdPtgC,VIKf0PJt,1566.96,6
815,WNbtZmE5,pkzOVFHA,608.74,39
816,VAj4VRK4,mRI4gi4A,633.76,25
817,uSsYUIDM,avIFKotf,1171.47,10
818,GXnUEJUa,x38lHHVw,1052.85,49
819,XvIuXKpq,pI89OF7y,1839.00,30
820,KMjderYM,UFq0okzC,1025.63,13
821,9GlUMoeR,V7Hdky8X,780.73,24
822,9HjBO3Zl,q76xCRhq,335.77,23
823,ohVAq8qy,agpmjkY2,96.32,36
824,LNSn5ox2,pCqTnfT6,882.39,49
825,sYM4AoJ7,bYaBNWW1,1857.76,28
826,vs88jYjO,RSoSiJ86,1814.20,12
827,33Mh10WA,nliNL4F0,475.99,36
828,Eml9QZ16,6vIhPbeq,1037.64,28
829,vCywq8ta,y2pBOB0e,999.73,41
830,osYOE5a7,TewzluvP,853.28,42
831,wmfoazme,TRaeLfSG,1623.66,6
832,bObpnRlY,Oand0HHo,315.93,17
833,TZI7X2VA,7wnMxbqF,853.32,1
834,irOmlojX,5c2eKotd,1930.28,6
835,OC9o1mHS,5H5FmNLz,1033.19,15
836,yi7bzixG,mwQc2YEz,1292.56,13
837,66CRwVRS,Kp96Gp99,1563.60,12
838,Bf4mHb7V,F1bNfLoZ,1447.14,34
839,e7AVhHmV,Sjc3xnqX,1144.23,26
840,nhudGhhA,X6zPU1Fd,106.11,17
841,bjRL3jd4,eEXisWhv,1487.41,46
842,CXgKxbfR,L87pHlEY,389.19,10
843,Ydk5kKQM,LgP6H5Te,1004.87,28
844,s8pwgKw5,zGsI5xjZ,1286.39,45
845,sDHlkidn,z65fQaPb,28.44,45
846,67xtYS8x,YMEexG06,1607.09,22
847,wgqUr5gZ,kD0p8JIv,1620.74,26
848,3JLXS5TA,N03GlcdY,444.24,17
849,8Yjj6CK0,YY4myJCL,1285.83,2
850,97hXNfI7,VGnGLdDv,1163.38,31
851,AzSrswGj,g3bcBjNM,1327.44,17
852,4P7MKOMG,XHT8hwW4,129.94,31
853,ktnevxVu,LOg7VgIq,81.27,29
854,u0F6WO3W,lvvwMyhs,547.98,26
855,BJBr6FQy,p6IofW12,1900.63,46
856,ULAeZKi7,bKy84J0D,224.51,34
857,3Mcm9xUs,XXBt1JXc,568.41,20
858,nZo7lhRm,3IOF4wwi,1348.46,21
859,rQTlViZp,q4MMODCp,34.55,5
860,tXHJfqGY,LzmG8cJT,1571.89,16
861,2g8zRSh3,xKCpSYHJ,771.54,25
862,rLyTtG3Y,eUOXE85u,1706.12,25
863,UL9qtWTc,3H4HJ5vU,1099.02,26
864,tbjMFok5,uXYqxi9j,863.34,1
865,KguayQTf,qCM8YTF2,521.89,40
866,bHwILoeg,lUPpSKaJ,700.87,46
867,zbMgxf8e,QUPXPAr7,479.67,1
868,4gq7IO2Q,VEnGmnpQ,737.38,9
869,ulqg19CQ,p1NBJS3u,401.91,41
870,HwXSa1wN,kJa3R0Ah,1777.48,34
871,T6tEcqjU,IP4YNkVi,1930.47,2
872,KNSSaIiK,o7pOkSeN,1687.59,26
873,rNrgMrxR,KpOR8HBi,609.72,10
874,bIi09UDQ,OZZgNYBW,69.16,20
875,RvVrb2Bl,n6szeBXG,1667.92,37
876,FR3fYZoF,8ASiRuvZ,698.29,39
877,mTmxAXEZ,a7qYFp4T,817.05,48
878,fkPc5RtM,FSxSqzmR,828.74,12
879,CE1d60C9,tSGNUcRS,551.78,5
880,I3feQHj3,ajzrTiEt,297.93,1
881,aJoYgqx9,guFja82d,1712.82,20
882,RDcMSLWU,Qot4dULM,917.02,25
883,PNvJDxGJ,mQX6smNG,1820.64,22
884,qll6qLxG,LAwci0MC,747.46,0
885,SZezGSyX,lPl9LcaZ,933.78,45
886,TQhlZ13m,GHThbdtE,522.10,48
887,EovFb2NF,tE8ZqJdz,523.95,26
888,by9G7vMQ,JPRqGbsp,1360.14,18
889,KpDQ5zlO,pSm0uAQy,1242.75,45
890,EGxd7oG9,HhVjAClr,1768.96,25
891,SzDrpQuF,EhEsrih0,1064.37,48
892,CtLAeXOn,xye1OLe3,1347.13,43
893,AP35EdHG,dGtLG79M,868.67,1
894,j4khioey,fSvdSUJW,1791.50,18
895,bhfHvPMy,1NCitjXf,1861.97,41
896,7VwbqACr,V1WjC1cd,488.14,26
897,N6mRXuY4,5KoCHlMm,1082.25,15
898,m6ZJi479,17EHPNdG,1764.29,6
899,bbELoO9l,afnICAnY,1053.57,10
900,jtBQtD74,z950yWRu,1122.44,49
901,7jLURhP4,g6unf6OV,1033.70,41
902,boD7g876,1ScGf4K3,848.61,25
903,XBHCQGnx,XvBatowj,1848.25,17
904,zmDgqAal,mrXaDoIh,685.33,26
905,ij4zFHte,i0LCwXXl,1632.07,30
906,tucQrXME,pxpIryBF,1998.69,43
907,WTEkXqYK,jBdTpP0P,918.56,38
908,Sbo6aCg8,4Lo6zwdW,574.87,23
909,jaxohfHQ,lmWV7r7m,1518.70,12
910,Nhe24q7O,eksMYsP8,1201.70,21
911,79zSpLa6,tsPW5Fmz,452.81,9
912,mE2AGY8q,QOtD8LXj,955.46,13
913,wuSTNXiY,vt5ta2T3,1089.01,47
914,4CRwrOBm,aCFzsSvb,434.95,34
915,Ny319Txj,AAv3DVqR,1228.51,0
916,YpkcCgGy,jaSijqHU,126.95,35
917,OXGbum0n,XCDw2VpT,1195.95,26
918,oFZTTa4e,VsGDA1e8,1813.88,5
919,OxTLGGvc,zN10jhHI,1178.34,2
920,uV3wz9iE,5ZoeDwzZ,135.21,30
921,UmdFORs1,w0LnLy6g,950.53,30
922,WFIngCGs,gAhe19co,1503.86,9
923,xZ42gpUQ,NRewyj2s,1476.72,5
924,8LAxJgzd,6hMAR9XB,1650.34,32
925,JTgXiOM5,ygo7Uiey,442.12,47
926,SViyXmeL,i9QX9qBM,376.09,19
927,CWDi9Vw5,7d6tCwZ9,538.88,48
928,hwtoQgHZ,Rm7ijUiX,424.01,28
929,zovW07RI,yMVGtx4R,48.31,1
930,Sx4oaXza,wInvwm5t,1764.50,25
931,t06tJsoo,G1aGo0F5,410.38,18
932,cVSs0aGn,aCc9UAVI,1533.05,42
933,C192yQBF,KqO3dGJN,861.02,45
934,C3taQg0A,Mw98W4pc,647.55,36
935,UwrdcTI2,uEjY2mRS,1843.17,27
936,nakdyoG0,nrP7pkEy,846.78,2
937,fGtSUsVW,OQppVy3f,910.68,11
938,lEw2ik02,i2e5uJXe,659.79,49
939,UhTw0bob,L40DhGTK,426.39,17
940,0N4mz9dV,xhFbFHPU,1379.84,33
941,FKlZ26ub,Y49rr2MP,1159.17,6
942,8eTgFJWX,uqKdyg79,1754.47,43
943,opKdFw43,YyB54UDp,1081.49,34
944,7xfxw8G1,1HG5OTPm,1319.96,48
945,IrO8l6aj,OOT5FeIx,1031.47,31
946,brDezZ1d,KRQ6xO4J,400.64,10
947,C96Fuz8r,A5F2NGhD,972.91,6
948,mecWaiNh,Nm8c5NCH,1042.20,41
949,NZfyW3Vx,ZUAcyJQ6,1277.64,48
950,lYPavG1w,ag1LsvUq,1867.31,46
951,Gw10l0fL,oXi1eG2p,466.53,16
952,S8hsesNq,s0FlBGtZ,1911.51,4
953,FtcbkyML,at1M2FGQ,1061.74,9
954,Kbj4gbqm,m7bSqw9U,1758.63,44
955,LfawV35l,JhKllARR,878.43,7
956,zaSUIf8N,zU30amNy,350.65,14
957,ManxOz6X,VDAMIHcs,891.40,28
958,RgRv55XG,C2Bto8Dv,1729.67,17
959,av0umtTc,fLXFMmWB,280.62,26
960,JluRHscT,6PzXzBLJ,1096.70,46
961,IFEV3BqI,EKVKPv3R,134.10,35
962,f53Y0OcO,n2AP0CBT,747.95,3
963,9S6lBQBI,LWYX8vW4,1425.05,6
964,1vX6dzOk,8MPyNZ7P,934.96,15
965,3S5wTj4w,hQZwBSDn,1473.91,19
966,exKSBmg8,IC08C1SN,1820.51,26
967,2bh1rj9g,NojLX5EW,1513.37,34
968,UWdwKrWD,HRKSoFfL,1311.67,38
969,7PzRyrBQ,V57UL97U,303.31,32
970,cMidyCZr,9yQBngO1,60.25,43
971,d6iIdgpw,LxAitC4y,208.76,6
972,2GiCv2Ds,SCF6HkIc,1213.36,2
973,F071h9H9,dDvpCq9B,510.05,38
974,Lpa7pxoJ,eNAGuP55,1067.07,45
975,uLRLp47h,A3br6WeO,1989.68,6
976,AdivVjea,WjIcHQ2l,96.77,18
977,abR5YW3j,SnQUUNUw,1655.13,45
978,BThpHJyz,aU2KhxDg,1224.80,31
979,SDA786d6,rfNlzrxL,628.89,13
980,Z9stiKH6,O5nWKg7c,1779.88,27
981,jX28tvft,HLubYCOw,959.05,32
982,ECYJMK6e,VE5208Yf,40.25,43
983,N5aJ13GO,bkGQR1ag,1332.40,31
984,2w5Y4DVb,wD06hxWp,1044.55,6
985,YNZF85yA,8HEUHQEc,419.22,35
986,5KIHUEkg,V9VL8rqZ,811.46,1
987,98ny1rDr,PuohlEBV,1506.74,4
988,b6FV7axV,F1SnmmQk,1719.17,50
989,lKbhFNiB,rU2zl6R4,964.87,21
990,YoGqqoKq,6kF2QtPf,801.48,29
991,mwcbddI5,d1AC5BXB,947.02,8
992,aOOXm9tO,0nmcQ0A7,1075.33,42
993,KIvNVRMr,I0wrxClr,1734.01,42
994,3TWk5eQg,moh2XuWy,1679.34,1
995,Qq7sKElk,mW0fYMgM,456.92,44
996,Qz52zmE7,zGpF6nBF,462.71,37
997,uyKEFXt9,evwPxW4Y,1059.61,4
998,oDjhixDw,AbOWJkKt,1882.41,13
999,b9elDFJR,79PTLtfA,1845.92,33
1000,3FHqrMnc,0IEwwDzO,24.73,48
